859,597,7,"Cheese - Havarti, Roasted Garlic"
741,7355,2,Soup - Campbells Mushroom
432,6238,8,Wine - Semi Dry Riesling Vineland
295,333,1,Sugar - Palm
127,2244,8,Soup - Verve - Chipotle Chicken
70,7394,4,"Cheese - Cheddar, Old White"
178,5316,4,Crackers - Melba Toast
70,6731,7,Chervil - Fresh
291,4181,5,Cheese - Parmesan Cubes
168,1282,3,"Pasta - Penne, Lisce, Dry"
505,7221,10,Sambuca Cream
285,7656,1,Chocolate - Compound Coating
546,8219,5,Cranberries - Dry
969,5408,4,Chervil - Fresh
106,4985,7,Dc - Sakura Fu
393,1909,10,"Yogurt - Raspberry, 175 Gr"
908,8274,4,Milk - Homo
129,4920,10,Cookie Dough - Chocolate Chip
426,8567,10,Five Alive Citrus
103,4486,9,Pastry - French Mini Assorted
889,8104,9,Cheese - Mozzarella
945,7207,2,Cake Slab
258,6559,2,Corn Syrup
967,7507,10,Wine - Conde De Valdemar
383,7936,1,Flour - Pastry
855,68,2,Sauce - Caesar Dressing
951,7680,1,Bacardi Breezer - Strawberry
60,1349,8,Energy - Boo - Koo
851,1204,9,Beer - Maudite
923,1826,1,Mountain Dew
351,5790,8,Muffin - Mix - Creme Brule 15l
346,1111,6,Capers - Ox Eye Daisy
560,4591,9,Five Alive Citrus
295,9960,4,"Doilies - 10, Paper"
590,5619,10,Wine - Shiraz Wolf Blass Premium
104,9677,2,Danishes - Mini Cheese
398,5578,7,Napkin White - Starched
407,6734,7,"Soup - Campbells, Beef Barley"
556,290,1,Juice - Lagoon Mango
960,5599,10,Alize Sunset
715,4404,2,The Pop Shoppe - Grape
919,7580,10,"Lamb - Racks, Frenched"
619,8792,6,"Nut - Hazelnut, Ground, Natural"
356,8988,10,"Melon - Watermelon, Seedless"
118,1152,5,Cookies - Englishbay Wht
28,7752,7,Sultanas
70,8269,6,"Pork - Tenderloin, Fresh"
922,1465,6,"Oil - Olive, Extra Virgin"
61,5997,7,Ice Cream Bar - Oreo Cone
79,5398,7,Bacardi Mojito
694,5629,3,Jolt Cola
867,3484,1,Table Cloth 90x90 Colour
714,4267,8,Scallop - St. Jaques
366,7223,4,"Pasta - Cappellini, Dry"
669,6225,3,"Seedlings - Buckwheat, Organic"
745,6059,9,Buffalo - Tenderloin
244,4960,2,"Cherries - Bing, Canned"
115,5729,8,Icecream - Dstk Strw Chseck
849,3544,4,"Soup - Knorr, French Onion"
940,3037,1,Wine - Vovray Sec Domaine Huet
758,7260,8,Tomatoes - Orange
615,7726,3,"Rice Pilaf, Dry,package"
714,5069,2,Chicken - Base
915,3910,9,Red Cod Fillets - 225g
190,9461,2,Pate - Peppercorn
618,1966,3,Goat - Whole Cut
215,2142,10,"Chicken - Thigh, Bone In"
593,2917,5,Muffin Mix - Oatmeal
128,7998,2,Chocolate - Unsweetened
162,8468,2,Lamb - Shoulder
892,138,9,"Brownies - Two Bite, Chocolate"
148,3400,1,Higashimaru Usukuchi Soy
216,7671,6,Cheese - Gorgonzola
944,1190,9,"Plate - Foam, Bread And Butter"
891,8726,8,Scallops - 10/20
51,4789,7,Wine - Saint Emilion Calvet
747,6018,8,Appetizer - Sausage Rolls
563,5407,5,Ice Cream - Strawberry
424,5937,9,Soup - Campbells Chili Veg
6,7864,10,Bagel - Everything
201,8973,2,Longos - Chicken Wings
402,2862,4,Artichoke - Fresh
741,5685,7,"Pasta - Shells, Medium, Dry"
309,5102,8,Cookie Chocolate Chip With
266,2806,7,Cocktail Napkin Blue
667,1963,5,Oxtail - Cut
814,882,3,Huck Towels White
439,3954,5,Roe - White Fish
881,3328,5,Cookies Cereal Nut
611,3229,5,Propel Sport Drink
305,5562,6,Tea Peppermint
484,9323,10,Container - Clear 32 Oz
609,7911,3,Mace
748,3326,8,Pork - Smoked Kassler
390,1546,3,Goulash Seasoning
606,977,7,Squash - Sunburst
503,712,5,Bread - Raisin Walnut Oval
476,6070,10,Mace Ground
664,7686,7,Chinese Foods - Cantonese
738,2116,4,"Veal - Insides, Grains"
305,1537,6,Vodka - Moskovskaya
605,3759,10,Steam Pan Full Lid
568,7928,2,"Juice - Grape, White"
383,1700,6,Red Currant Jelly
726,3367,2,Ice Cream Bar - Oreo Cone
213,5095,8,Ice Cream Bar - Hageen Daz To
907,6686,1,Ecolab - Lime - A - Way 4/4 L
970,5283,5,Bar Mix - Lemon
468,5350,7,Mushroom - Porcini Frozen
152,3538,1,Pear - Prickly
80,4790,10,Raisin - Dark
442,1725,3,Bread - Rosemary Focaccia
365,8927,8,Flour - Fast / Rapid
534,9345,5,Soup - Verve - Chipotle Chicken
990,5017,6,Kiwano
681,8530,5,Squid - Breaded
818,5708,8,"Beans - Black Bean, Dry"
781,9732,10,Buffalo - Short Rib Fresh
777,7351,3,Juice - Ocean Spray Kiwi
292,3141,6,Cake - Mini Potato Pancake
950,3988,6,Wine - Ruffino Chianti
976,7279,9,Macaroons - Homestyle Two Bit
901,196,4,"Beef - Tongue, Cooked"
606,5498,8,Cup - 8oz Coffee Perforated
8,2885,8,Eggs - Extra Large
913,9383,4,"Tart Shells - Barquettes, Savory"
804,3597,2,Tequila Rose Cream Liquor
709,8101,3,"Trout - Hot Smkd, Dbl Fillet"
454,1621,10,"Syrup - Monin, Irish Cream"
551,3149,10,Chickhen - Chicken Phyllo
319,9202,5,"Rum - Spiced, Captain Morgan"
581,7702,7,English Muffin
291,5452,1,Soup - Campbells Bean Medley
815,5616,2,Pasta - Fusili Tri - Coloured
180,524,3,Wine - Alsace Gewurztraminer
990,7227,7,Alize Red Passion
380,3966,1,"Pepsi, 355 Ml"
437,1418,5,Kellogs Cereal In A Cup
496,5318,10,Heavy Duty Dust Pan
865,415,1,"Mushrooms - Black, Dried"
561,8523,7,Soup - Campbells Beef Strogonoff
436,2174,4,Tuna - Loin
39,5471,1,"Soup - Knorr, Veg / Beef"
720,2163,4,Anchovy Paste - 56 G Tube
404,7484,6,Pancetta
747,5061,6,"Roe - Lump Fish, Red"
479,5257,10,"Butter - Salted, Micro"
149,2747,2,Tea - Herbal - 6 Asst
103,6934,9,Tequila Rose Cream Liquor
872,436,5,Bread - French Stick
327,9194,6,Black Currants
807,3671,4,V8 Pet
78,2726,7,Chocolate - Sugar Free Semi Choc
340,7403,7,Urban Zen Drinks
764,6390,2,"Mushroom - Enoki, Dry"
256,8571,2,Table Cloth 91x91 Colour
670,2008,7,Cheese - Roquefort Pappillon
343,5018,5,Aspic - Light
330,9701,2,Squeeze Bottle
669,2648,6,Cheese - Shred Cheddar / Mozza
244,6950,3,"Mushroom - Chanterelle, Dry"
136,4374,4,Tea - Jasmin Green
173,5250,5,"Pepper - Chillies, Crushed"
521,3183,8,"Split Peas - Green, Dry"
978,6237,9,"Wine - Red, Wolf Blass, Yellow"
112,614,5,Bay Leaf Fresh
599,6995,10,Carbonated Water - Blackcherry
603,1219,6,Steamers White
451,6513,7,Flour - Fast / Rapid
66,7196,9,Gatorade - Lemon Lime
891,1670,9,Pork - Back Ribs
362,6652,8,Rice Wine - Aji Mirin
421,5282,7,Okra
938,8759,7,Cheese - Bakers Cream Cheese
50,779,5,Vaccum Bag 10x13
800,3637,10,"Liners - Banana, Paper"
4,2343,10,Vinegar - Champagne
557,7879,4,"Salmon - Atlantic, No Skin"
324,5735,2,Rice Wine - Aji Mirin
741,3830,4,Avocado
871,3150,9,"Cheese - Havarti, Roasted Garlic"
37,9822,9,Dooleys Toffee
419,5053,6,"Tart Shells - Sweet, 3"
850,2809,6,Sweet Pea Sprouts
289,6322,8,Cookie Choc
549,3538,8,Wine - Vouvray Cuvee Domaine
645,5701,8,Nantucket - Carrot Orange
306,1383,2,"Veal - Leg, Provimi - 50 Lb Max"
937,7472,7,Scallops - 10/20
253,9243,8,"Soup - Knorr, Classic Can. Chili"
416,4472,10,Pastry - Baked Scones - Mini
216,2348,7,Pineapple - Golden
612,8891,10,Flour - Strong Pizza
821,3426,6,Kiwano
231,3058,2,Yogurt - French Vanilla
758,7932,1,Cheese - Grie Des Champ
651,3280,2,Nantucket - Orange Mango Cktl
209,2899,9,Wonton Wrappers
735,272,2,Wine - Dubouef Macon - Villages
390,1433,3,Sauce - Plum
521,8066,7,Roe - Flying Fish
251,255,8,Steamers White
397,3935,3,Wine - Fat Bastard Merlot
491,2963,9,Cheese - Marble
61,3704,9,Lychee - Canned
393,9213,4,Ostrich - Fan Fillet
974,1986,6,The Pop Shoppe - Grape
339,7869,7,"Trout - Hot Smkd, Dbl Fillet"
186,4500,6,Bread - Hamburger Buns
148,6358,9,Icecream Cone - Areo Chocolate
175,1251,8,Parsnip
491,404,8,Compound - Raspberry
193,5371,7,Jolt Cola - Electric Blue
7,3396,4,Bread - White Epi Baguette
809,6839,10,Energy Drink - Franks Pineapple
812,3175,5,Maintenance Removal Charge
39,5934,5,Petite Baguette
343,4266,4,Vinegar - White Wine
579,3572,4,Bandage - Finger Cots
173,2928,5,"Soup - Campbells, Cream Of"
160,4476,6,"Mushroom - Shitake, Dry"
459,4590,4,Cleaner - Pine Sol
74,7627,10,Chocolate Eclairs
533,7440,8,Cheese - Pied De Vents
459,2979,9,Shrimp - Prawn
939,9837,1,Mint - Fresh
340,8103,1,Soup - Base Broth Beef
827,7100,1,"Trout - Rainbow, Frozen"
971,5144,4,Pastry - Cheese Baked Scones
774,3502,6,Peas - Frozen
632,448,1,Clementine
854,5727,3,Pickle - Dill
573,4984,8,Bread - Raisin Walnut Oval
8,9343,6,Water - Tonic
173,7694,8,Rabbit - Legs
587,9412,4,"Pepper - White, Whole"
496,9704,9,"Wine - White, Riesling, Henry Of"
953,690,7,Cheese - Taleggio D.o.p.
869,5173,5,Pastry - Key Limepoppy Seed Tea
372,2463,4,"Soup - French Onion, Dry"
204,9455,8,Dip - Tapenade
639,9602,7,Ham - Cooked Italian
838,1859,4,Icecream - Dstk Strw Chseck
952,8306,7,Honey - Comb
972,4317,8,Kellogs All Bran Bars
165,3604,10,Coffee - Decaffeinato Coffee
441,1024,2,Nantucket Apple Juice
747,3705,6,"Tortillas - Flour, 8"
312,9644,4,Flavouring Vanilla Artificial
725,6837,4,Puree - Mango
722,9274,9,Tea - Decaf Lipton
271,4525,9,Clams - Bay
733,5786,4,Fond - Chocolate
138,5082,3,Wine - Jaboulet Cotes Du Rhone
572,1213,9,Soup - Chicken And Wild Rice
954,7087,8,Chocolate Bar - Oh Henry
662,4341,2,Trout - Smoked
154,4510,2,Paper - Brown Paper Mini Cups
452,3386,5,Soap - Pine Sol Floor Cleaner
252,7886,2,"Cheese - Mozzarella, Buffalo"
728,2257,1,Wine - Sauvignon Blanc Oyster
737,5205,8,"Cheese - Romano, Grated"
693,3928,7,"Crab - Dungeness, Whole, live"
563,7825,6,Dried Figs
411,8601,7,Wine - Fino Tio Pepe Gonzalez
363,4254,9,Mace
576,2526,3,Soap - Mr.clean Floor Soap
740,4833,4,"Mushroom - Chanterelle, Dry"
67,1073,1,"Shrimp - 16/20, Iqf, Shell On"
264,6893,8,Crab Brie In Phyllo
581,6612,1,Bread Base - Gold Formel
876,4697,6,Island Oasis - Sweet And Sour Mix
337,9156,5,Oil - Shortening - All - Purpose
124,5973,10,Tumeric
317,723,3,Wine - Alsace Riesling Reserve
876,4715,10,Broom - Corn
120,9066,5,"Bread - Bagels, Plain"
54,4223,1,Capers - Ox Eye Daisy
897,1921,7,Extract - Almond
733,1513,9,Cookies - Englishbay Wht
576,1732,1,Beer - Paulaner Hefeweisse
969,8983,8,Yogurt - French Vanilla
423,4366,9,Lid Tray - 16in Dome
295,5027,2,"Coconut - Creamed, Pure"
543,4468,2,Pastry - Baked Cinnamon Stick
342,6289,9,Tart - Pecan Butter Squares
510,7005,8,Mini - Vol Au Vents
944,3038,10,Pepper - Jalapeno
210,4863,2,Danishes - Mini Raspberry
53,458,9,Pur Value
43,7857,3,Beef - Top Sirloin - Aaa
457,3182,9,"Ranchero - Primerba, Paste"
575,8172,7,Flavouring - Rum
62,3866,6,"Lettuce - Mini Greens, Whole"
424,5958,6,"Salmon - Atlantic, Fresh, Whole"
559,3440,9,Amaretto
783,9974,1,Coriander - Seed
714,38,8,Chutney Sauce
250,9331,7,Lamb Rack Frenched Australian
269,3683,3,Fiddlehead - Frozen
169,5530,7,Ice Cream Bar - Rolo Cone
674,4571,7,Apple - Royal Gala
71,2956,2,Oxtail - Cut
140,3504,9,"Clams - Littleneck, Whole"
282,1253,1,Vinegar - Tarragon
99,5948,5,"Wine - Magnotta - Red, Baco"
771,5246,4,Bread - Sour Sticks With Onion
733,1187,10,Salt - Seasoned
318,6088,9,Pork Ham Prager
490,2439,5,"Soup - Knorr, Classic Can. Chili"
832,869,9,Honey - Comb
53,3515,1,"Olives - Green, Pitted"
504,7435,5,Mortadella
703,4967,2,"Soda Water - Club Soda, 355 Ml"
803,8416,2,Creamers - 10%
930,2837,1,Lettuce - Baby Salad Greens
378,4433,4,Carbonated Water - Cherry
703,3800,5,Parsley - Fresh
815,6484,9,Mousse - Banana Chocolate
394,1462,8,Lumpfish Black
705,6294,8,Cod - Black Whole Fillet
465,4973,8,Sauce - Roasted Red Pepper
987,2001,6,Potatoes - Idaho 100 Count
771,4046,3,Chocolate Liqueur - Godet White
870,516,7,Trueblue - Blueberry 12x473ml
262,9319,8,Wine - Mondavi Coastal Private
617,3518,7,Juice - Cranberry 284ml
910,6213,9,Wine - Two Oceans Cabernet
293,6536,2,"Wine - White, Pinot Grigio"
153,6604,6,Vinegar - Sherry
618,7886,6,"Bread - Rolls, Corn"
525,585,1,Scallops 60/80 Iqf
805,8635,2,Chicken - Base
404,2767,8,"Beef - Tenderlion, Center Cut"
694,9030,6,"Juice - Cranberry, 341 Ml"
692,7995,5,Beef - Tenderloin Tails
222,8298,10,Syrup - Chocolate
162,1775,7,Tart - Pecan Butter Squares
842,989,7,"Salmon - Atlantic, No Skin"
740,2808,2,Hot Chocolate - Individual
73,8710,3,Beef - Kobe Striploin
991,2704,4,Mustard Prepared
788,9099,2,Bread - Burger
713,8016,2,Oil - Macadamia
483,8418,10,Ecolab Digiclean Mild Fm
360,3259,7,Peas - Frozen
955,9972,4,Water - San Pellegrino
809,3125,9,Crab - Soft Shell
436,6410,1,Sugar - Individual Portions
337,8722,1,Flounder - Fresh
116,9499,8,"Quail - Whole, Boneless"
5,4540,2,Fond - Chocolate
768,9762,3,"Nut - Walnut, Chopped"
347,5111,3,Chicken Giblets
543,9036,4,Table Cloth 54x54 Colour
656,4750,5,Bowl 12 Oz - Showcase 92012
350,284,5,Shrimp - Black Tiger 8 - 12
411,9345,10,"Pasta - Gnocchi, Potato"
300,7775,7,"Pasta - Fusili, Dry"
315,5595,4,Beef Wellington
587,1565,10,"Crab - Blue, Frozen"
739,3742,8,Quinoa
587,2946,4,Lamb - Ground
676,2917,8,"Flour - Bran, Red"
786,7732,10,Oranges
482,7223,8,Jameson Irish Whiskey
530,9281,8,Pears - Anjou
87,9166,8,Table Cloth 54x72 White
313,9475,1,Muffin Orange Individual
347,1979,2,"Lemonade - Strawberry, 591 Ml"
844,5325,10,Eggplant - Asian
40,4408,4,Yoghurt Tubes
712,5200,2,Bread - Italian Roll With Herbs
946,6694,6,"Doilies - 5, Paper"
964,4010,8,Coffee - Decaffeinato Coffee
682,8489,4,Lamb - Bones
832,9914,1,Napkin White - Starched
736,2737,1,"Sprite, Diet - 355ml"
394,2515,6,Flower - Daisies
566,5017,5,Wine - Marlbourough Sauv Blanc
948,9528,2,Coffee - Dark Roast
947,3779,7,Parsley - Dried
558,5335,2,Bar - Granola Trail Mix Fruit Nut
794,660,1,"Pepper - White, Ground"
342,5123,7,Cleaner - Comet
359,4749,4,"Crush - Orange, 355ml"
167,4961,1,Syrup - Monin - Passion Fruit
381,3639,10,Beef Dry Aged Tenderloin Aaa
210,303,10,Sugar - Monocystal / Rock
393,8373,6,Lamb - Loin Chops
851,1826,8,"Soup - Campbells, Creamy"
794,9542,6,Crawfish
274,4130,8,Creme De Menthe Green
586,8922,7,Bacardi Breezer - Strawberry
657,157,10,Tea - Jasmin Green
398,2399,5,Energy Drink - Franks Original
531,6122,3,Vinegar - Cider
587,8614,8,Sage Derby
902,7614,8,Spice - Montreal Steak Spice
647,5274,7,Longos - Assorted Sandwich
696,3573,2,Slt - Individual Portions
527,6141,10,Rice - Wild
434,8753,2,"Wine - White, Ej"
118,509,10,Wine - Puligny Montrachet A.
366,8028,8,Aspic - Amber
445,5283,1,Black Currants
61,9268,8,"Soup - Campbells, Lentil"
238,3699,5,Butcher Twine 4r
32,5025,5,Chocolate Bar - Reese Pieces
112,8610,6,Wine - Toasted Head
194,4084,7,Shrimp - Black Tiger 26/30
872,2550,3,Cardamon Seed / Pod
413,1508,1,Pike - Frozen Fillet
482,7431,7,Sea Bass - Fillets
543,7079,10,"Melon - Watermelon, Seedless"
420,5763,9,Cookie Dough - Double
661,1466,5,Apple - Macintosh
780,7167,7,Pork - Sausage Casing
359,6451,3,Cherries - Frozen
920,3347,9,Beef - Prime Rib Aaa
660,3287,4,"Crab - Claws, 26 - 30"
113,5351,2,"Lamb - Pieces, Diced"
911,6966,2,"Fish - Soup Base, Bouillon"
987,1755,10,Eggplant Oriental
777,7632,5,Wine - Pinot Noir Latour
55,1652,2,"Schnappes - Peach, Walkers"
560,5828,6,"Beef - Ox Tongue, Pickled"
730,4047,8,Lamb - Sausage Casings
430,2388,4,"Champagne - Brights, Dry"
200,2664,7,Salt - Seasoned
234,7905,10,Flour - Semolina
915,3308,10,Chervil - Fresh
563,2207,9,Soup - Campbells Beef Noodle
513,8152,2,Swordfish Loin Portions
977,8678,9,"Wine - Red, Antinori Santa"
952,1303,2,Irish Cream - Baileys
7,9450,9,Beer - Mcauslan Apricot
550,4962,3,Eel Fresh
418,9510,2,"Juice - Orange, 341 Ml"
969,7334,8,Muffin Mix - Lemon Cranberry
19,9357,7,Turnip - Wax
879,8713,9,Beef - Texas Style Burger
42,8629,6,Pastry - Carrot Muffin - Mini
105,1202,10,Bag - Regular Kraft 20 Lb
975,957,7,Cheese - Swiss Sliced
601,8707,6,Beans - French
760,3245,9,Ice Cream - Turtles Stick Bar
860,3748,6,Beef - Top Sirloin - Aaa
393,1841,8,Crackers Cheez It
119,508,9,"Pork - Bacon, Double Smoked"
418,3893,3,Muffin - Mix - Mango Sour Cherry
338,925,7,Red Cod Fillets - 225g
263,5546,6,"Ham - Smoked, Bone - In"
628,6410,6,"Pepper - Chillies, Crushed"
729,1336,3,Bread - White Mini Epi
319,1579,3,Spring Roll Veg Mini
51,996,9,Gelatine Leaves - Envelopes
271,6780,4,"Wine - White, Chardonnay"
882,2851,7,"Wine - White, Concha Y Toro"
552,5324,2,"Cod - Salted, Boneless"
80,8118,6,Extract - Rum
931,9077,9,"Appetizer - Mini Egg Roll, Shrimp"
164,2323,5,Pork Loin Cutlets
311,8723,10,Sage - Fresh
929,3605,9,"Sauce - Apple, Unsweetened"
176,1354,5,"Tomatoes - Vine Ripe, Red"
746,4292,9,"Pasta - Canelloni, Single Serve"
628,7688,6,Capers - Ox Eye Daisy
557,5355,5,"Beans - Long, Chinese"
550,9089,7,Mousse - Mango
876,8392,9,Truffle Cups Green
599,2243,1,"Veal - Chops, Split, Frenched"
677,8775,3,Straws - Cocktale
474,7908,10,"Syrup - Monin, Amaretta"
629,4019,10,Wine - Vineland Estate Semi - Dry
576,9036,5,Wakami Seaweed
665,7493,8,Cilantro / Coriander - Fresh
488,8032,9,Lettuce - Lambs Mash
66,4431,7,Pork - Belly Fresh
23,6516,3,"Pepper - Julienne, Frozen"
372,2818,10,Lid Coffeecup 12oz D9542b
378,876,2,Chocolate Bar - Smarties
569,7109,3,Bulgar
232,5612,7,Beef - Montreal Smoked Brisket
550,8337,2,Venison - Ground
96,6542,8,Bols Melon Liqueur
690,3330,9,Instant Coffee
86,1245,6,"Fish - Halibut, Cold Smoked"
895,5613,4,Cake Sheet Combo Party Pack
160,9237,7,Garbage Bag - Clear
420,4324,6,Beef - Tenderloin Tails
265,6154,8,"Coconut - Creamed, Pure"
160,2914,9,Puree - Kiwi
29,4922,10,"Lemonade - Mandarin, 591 Ml"
205,2096,4,Lobster - Canned Premium
924,1293,4,Octopus
318,8072,10,"Carrots - Mini, Stem On"
94,8436,6,Pepper - Green Thai
609,3681,2,French Pastry - Mini Chocolate
291,9908,6,Veal - Leg
31,4186,9,"Oil - Shortening,liqud, Fry"
325,980,1,Oven Mitt - 13 Inch
393,5167,2,Bar Energy Chocchip
567,9690,3,"Quail - Whole, Boneless"
697,3855,9,"Wine - Red, Metus Rose"
868,2219,5,Broom Handle
506,4554,2,Potatoes - Parissienne
350,5987,7,Water - Green Tea Refresher
870,5106,5,Bar Energy Chocchip
543,9580,5,Wine - Domaine Boyar Royal
253,3795,5,Jam - Apricot
183,254,7,Compound - Orange
535,7176,6,"Turkey - Breast, Smoked"
29,2175,7,"Pasta - Lasagna, Dry"
832,5148,1,Venison - Striploin
771,1930,4,Garlic - Elephant
719,6636,5,Pants Custom Dry Clean
912,8045,3,Sea Urchin
748,2106,8,Marzipan 50/50
710,6233,1,"Beef - Rib Roast, Capless"
167,3314,4,Olives - Kalamata
144,1230,1,"Lamb - Whole, Fresh"
513,9142,3,Dc Hikiage Hira Huba
567,9303,9,Mountain Dew
972,1726,5,Easy Off Oven Cleaner
567,6489,10,"Bread - Roll, Italian"
359,3211,1,Salmon - Fillets
746,2775,3,Jam - Raspberry
867,3703,6,Mayonnaise - Individual Pkg
982,3083,6,Cheese - Grana Padano
119,554,4,Swordfish Loin Portions
291,2670,1,Radish - Pickled
798,1636,6,Jerusalem Artichoke
510,8923,7,Lamb Tenderloin Nz Fr
385,4553,1,Pepper - Cubanelle
148,2563,8,Carbonated Water - Cherry
301,4203,7,"Coke - Diet, 355 Ml"
354,7906,7,Chocolate - Mi - Amere Semi
802,4110,8,Squash - Guords
305,9242,8,"Carrots - Mini, Stem On"
713,854,2,Cheese - Asiago
841,553,9,Hagen Daza - Dk Choocolate
770,9044,6,The Pop Shoppe - Grape
852,2712,4,"Pail - 4l White, With Handle"
972,994,9,Flower - Dish Garden
721,9310,2,Wine - Segura Viudas Aria Brut
211,388,8,"Wine - Red, Pinot Noir, Chateau"
453,6780,4,Pork - Bacon Cooked Slcd
254,2866,3,Mousse - Passion Fruit
312,3013,2,Lettuce - Escarole
180,4068,3,Eel Fresh
357,6166,4,Flounder - Fresh
214,5806,6,Sour Puss Raspberry
805,7133,8,"Salmon - Atlantic, No Skin"
858,933,5,Tea - Decaf 1 Cup
122,7592,6,Apricots - Dried
733,8474,6,Lemonade - Pineapple Passion
232,6156,2,Boogies
556,9440,8,Soupcontfoam16oz 116con
411,680,5,Tea - Green
151,7059,2,Pepper - Green
24,1029,5,Garbage Bags - Black
863,7027,9,"Pepsi - Diet, 355 Ml"
963,4937,8,Tea - Decaf Lipton
513,3141,10,Kolrabi
719,9030,6,"Champagne - Brights, Dry"
466,7179,3,Myers Planters Punch
307,7934,7,Calaloo
369,1699,1,Sobe - Orange Carrot
63,2720,2,Rum - Mount Gay Eclipes
9,5816,9,Milk - Chocolate 500ml
389,9512,10,Kiwano
729,4239,5,Jam - Raspberry
784,4647,5,Jagermeister
144,3349,10,Salt - Table
732,8590,2,Lamb - Rack
334,2446,2,Butter Ripple - Phillips
286,8472,3,Coffee Cup 8oz 5338cd
957,7860,8,"Tendrils - Baby Pea, Organic"
405,7614,3,Ecolab - Balanced Fusion
1,9962,7,Burger Veggie
541,8041,7,"Fish - Base, Bouillion"
468,3833,8,Pie Filling - Pumpkin
936,1840,5,"Pork - Tenderloin, Frozen"
170,1383,3,"Shrimp - 21/25, Peel And Deviened"
526,1770,5,Chick Peas - Canned
447,2865,10,"C - Plus, Orange"
583,2821,1,Coconut Milk - Unsweetened
602,5603,1,"Pork - Butt, Boneless"
17,9505,5,Evaporated Milk - Skim
953,5575,7,"Bag - Bread, White, Plain"
527,3097,5,Muffin - Mix - Mango Sour Cherry
646,3710,1,Salad Dressing
577,7794,4,Raisin - Golden
510,6166,6,Straw - Regular
123,2258,3,Pie Box - Cello Window 2.5
178,7816,7,Muffin Orange Individual
468,7868,10,Wine - Riesling Alsace Ac 2001
933,641,4,Fib N9 - Prague Powder
999,4054,1,"Beef - Bones, Marrow"
812,2382,6,Pork - Liver
678,9936,2,Cream - 18%
759,5587,7,Ecolab Crystal Fusion
653,2535,8,Wine - Pinot Noir Latour
214,2117,7,"Cherries - Bing, Canned"
971,7135,5,Persimmons
261,5007,10,Oil - Olive
68,2392,8,Cake - Lemon Chiffon
567,8138,7,Pastry - Trippleberry Muffin - Mini
289,3151,8,Sponge Cake Mix - Chocolate
823,7341,5,"Soup - Knorr, Classic Can. Chili"
567,4453,4,Cornstarch
690,6150,4,Table Cloth 54x72 Colour
213,3643,8,Salmon - Canned
804,5986,5,Steam Pan Full Lid
953,1325,10,Pastry - French Mini Assorted
842,4788,8,"Beef - Outside, Round"
165,6716,3,Basil - Fresh
415,4611,8,Veal - Kidney
378,4339,1,Bread - Assorted Rolls
77,9241,3,Beer - Mill St Organic
641,77,4,Bread - 10 Grain
936,2188,5,Flour - Cake
570,3118,5,Wine - Toasted Head
631,10000,5,Lamb Rack - Ontario
912,5650,1,Coffee - Decaffeinato Coffee
751,4261,10,Wine - Soave Folonari
28,237,9,Chocolate Bar - Smarties
779,5502,9,Pasta - Fusili Tri - Coloured
711,1341,4,Lettuce - Red Leaf
585,5095,2,Breakfast Quesadillas
718,9978,9,Wine - Saint Emilion Calvet
828,1894,1,Potatoes - Idaho 100 Count
335,4483,8,Aspic - Clear
287,5003,8,Nutmeg - Ground
945,9011,7,Oil - Olive Bertolli
662,3958,6,Red Currant Jelly
437,1803,5,Milk - Chocolate 500ml
238,9601,4,Water Chestnut - Canned
688,6696,6,Grenadine
463,4135,9,Paper Towel Touchless
455,6670,8,"Veal - Chops, Split, Frenched"
860,2167,8,Liners - Baking Cups
946,5266,2,Sprouts - Peppercress
59,7300,1,Wine - Alicanca Vinho Verde
164,5494,9,Graham Cracker Mix
797,8327,10,Banana - Green
912,5115,10,Bread Country Roll
777,7538,5,Chinese Foods - Plain Fried Rice
924,5662,7,Cheese Cloth No 60
202,6740,7,Veal - Leg
571,1709,4,Coffee - Ristretto Coffee Capsule
444,8069,1,Beer - Guiness
133,1712,2,"Asparagus - White, Canned"
490,4422,2,Silicone Paper 16.5x24
764,3342,4,Sage - Fresh
151,4468,6,Sugar - Palm
154,5208,9,Nantucket - Orange Mango Cktl
682,1864,7,Bread - Italian Roll With Herbs
877,2276,9,Appetizer - Cheese Bites
865,481,1,"Pasta - Lasagne, Fresh"
373,7015,7,Sauce - Caesar Dressing
325,7314,6,"Water - Mineral, Carbonated"
250,6895,5,Vanilla Beans
926,5837,6,Carbonated Water - Peach
273,6224,8,Lettuce - Baby Salad Greens
973,406,10,Carbonated Water - Lemon Lime
150,2189,2,"Wine - Red, Cabernet Sauvignon"
8,840,6,Squid - U 5
5,2595,6,Coconut - Whole
754,7213,6,"Fish - Halibut, Cold Smoked"
812,4736,4,Buttons
494,1687,3,Coriander - Seed
871,5596,8,"Tomatoes - Vine Ripe, Yellow"
682,4588,10,Broccoli - Fresh
240,2555,5,Cheese - Marble
701,7300,2,Steam Pan - Half Size Deep
260,9003,7,Sprouts - Bean
389,5182,9,"Pork - Tenderloin, Frozen"
243,1363,9,Propel Sport Drink
532,4565,10,Madeira
641,6720,3,Ice Cream - Vanilla
706,9352,7,Tobasco Sauce
437,1783,6,"Glass - Wine, Plastic, Clear 5 Oz"
252,6888,10,Soup V8 Roasted Red Pepper
201,2552,1,"Cheese - Brie, Triple Creme"
570,6688,2,Clams - Bay
806,5697,4,Lighter - Bbq
775,8724,9,Wine - Gewurztraminer Pierre
521,7641,9,Mini - Vol Au Vents
860,4113,4,"Wine - Red, Cabernet Merlot"
977,8165,2,Squash - Sunburst
952,1877,10,"Cup - 6oz, Foam"
414,3866,3,Appetizer - Chicken Satay
19,4957,8,Lettuce - Red Leaf
262,787,5,Food Colouring - Green
599,8515,10,Dawn Professionl Pot And Pan
557,2985,4,Marzipan 50/50
459,7759,8,Pork Ham Prager
687,3700,7,Transfer Sheets
913,9671,8,Sobe - Liz Blizz
1,5977,10,Sesame Seed Black
310,8402,3,Puree - Blackcurrant
509,7109,5,Bouq All Italian - Primerba
800,5454,8,"Tortillas - Flour, 12"
735,2441,8,Puree - Strawberry
545,9498,7,"Coconut - Shredded, Unsweet"
872,8834,8,Clams - Bay
391,7922,6,Cheese - Montery Jack
102,4708,7,Carbonated Water - White Grape
159,3600,6,Soup - French Can Pea
632,7643,4,Banana Turning
244,8975,5,Trueblue - Blueberry 12x473ml
916,1089,9,Cookie Chocolate Chip With
818,3600,5,Numi - Assorted Teas
637,8213,1,Longos - Cheese Tortellini
58,9803,10,"Plate - Foam, Bread And Butter"
571,193,6,Chips - Doritos
411,6178,3,Coffee Beans - Chocolate
887,6232,8,Soup Campbells
527,4788,3,Appetizer - Asian Shrimp Roll
98,55,7,Wood Chips - Regular
866,9678,2,Lettuce - Green Leaf
617,9795,2,"Pork - Loin, Boneless"
170,8348,7,Toothpick Frilled
180,9458,7,"Beef - Outside, Round"
977,4742,6,Soup - Campbells - Chicken Noodle
889,6945,5,Buffalo - Tenderloin
750,111,1,Pork - Kidney
917,6064,8,Truffle Cups - White Paper
546,4280,8,Soup - Campbells Mac N Cheese
727,9499,5,"Soup - Cream Of Broccoli, Dry"
48,4189,5,"Quail - Whole, Bone - In"
554,1582,2,Chutney Sauce
596,976,3,Sauce - Plum
373,5019,9,Chicken - Tenderloin
581,3641,3,Pepper - Green
791,789,8,Hold Up Tool Storage Rack
51,4577,4,Taro Root
628,1632,10,Bar Special K
43,2806,6,Bread - 10 Grain
388,9299,2,Bread - Pumpernickel
702,2733,7,"Mushroom - Enoki, Dry"
108,576,1,Water - Spring 1.5lit
312,7504,8,Orange - Tangerine
298,2143,7,Squeeze Bottle
18,2300,4,Bread - Hot Dog Buns
325,4482,7,Coconut Milk - Unsweetened
84,3566,6,Goat - Leg
136,2448,3,Piping Jelly - All Colours
940,9205,4,Ham - Proscuitto
546,6019,4,Beer - Sleemans Honey Brown
74,9811,6,"Chestnuts - Whole,canned"
857,480,1,"Wine - Red, Concha Y Toro"
721,3145,6,Cups 10oz Trans
458,1559,2,Cheese - Parmesan Cubes
407,3747,9,"Sparkling Wine - Rose, Freixenet"
921,9047,4,Wine - Barolo Fontanafredda
708,3031,5,Coffee - Hazelnut Cream
231,7593,9,Breadfruit
954,4455,6,Appetizer - Shrimp Puff
107,4697,1,Quiche Assorted
658,3633,5,Fish - Bones
975,7933,5,Phyllo Dough
965,1383,6,Liquid Aminios Acid - Braggs
388,8876,2,Tobasco Sauce
568,4439,6,Garlic
152,6593,9,Juice - Lagoon Mango
869,3761,6,Bar Energy Chocchip
665,175,2,Bamboo Shoots - Sliced
630,3835,4,Schnappes Peppermint - Walker
598,3054,7,Melon - Honey Dew
440,4340,10,Ice Cream - Vanilla
852,9364,9,Pecan Raisin - Tarts
862,6623,2,Dry Ice
645,9270,7,Wine - Marlbourough Sauv Blanc
268,6355,7,Cranberries - Frozen
878,603,10,"Iced Tea - Lemon, 340ml"
973,3063,9,"Soup - Knorr, Ministrone"
243,8105,7,Truffle Paste
949,4893,10,Olives - Stuffed
339,3767,9,Melon - Cantaloupe
899,8776,7,Wine - Cabernet Sauvignon
907,4377,6,Horseradish - Prepared
894,9246,5,Potatoes - Yukon Gold 5 Oz
410,7450,8,Versatainer Nc - 888
554,4097,9,Pastry - Cherry Danish - Mini
260,3492,10,Flour - Strong
99,1844,2,"Juice - Grapefruit, 341 Ml"
242,5424,5,Wooden Mop Handle
188,8856,7,Scallops - 20/30
557,9495,3,Turkey Leg With Drum And Thigh
369,4904,6,"Cup - 3.5oz, Foam"
997,4497,9,"Veal - Leg, Provimi - 50 Lb Max"
903,6523,8,Venison - Denver Leg Boneless
979,4097,4,Tea - Decaf Lipton
52,4851,6,Lamb - Loin Chops
329,8631,7,Wine - Masi Valpolocell
396,9844,5,Glass Clear 8 Oz
458,679,1,Transfer Sheets
473,6033,3,Wine - Semi Dry Riesling Vineland
73,1929,2,Lamb - Rack
812,5501,7,Wine - Vouvray Cuvee Domaine
739,9677,9,"Syrup - Monin, Irish Cream"
572,2569,7,Oven Mitts - 15 Inch
173,1851,5,Fudge - Cream Fudge
884,561,1,Cookie Dough - Double
209,3549,9,Transfer Sheets
827,9754,2,Cardamon Ground
781,9788,3,Soy Protein
325,5693,9,"Bread - Roll, Soft White Round"
390,5305,2,"Oil - Truffle, Black"
263,612,5,"Corn - Cream, Canned"
779,7976,9,Cookie - Oatmeal
493,9721,4,Mace
780,2022,3,Veal - Insides Provini
938,3835,4,Cups 10oz Trans
799,9077,5,Ecolab - Power Fusion
82,17,9,Pepper - Sorrano
773,3864,8,Bread Bowl Plain
283,1143,8,Cookie Dough - Peanut Butter
901,6790,1,Salt - Kosher
145,3676,2,Spice - Greek 1 Step
221,7360,5,Pepper - Roasted Red
31,3228,9,Glaze - Apricot
279,9013,8,Asparagus - Mexican
822,6053,6,Beer - Sleeman Fine Porter
298,7430,3,Olives - Kalamata
506,2536,7,Wine - Casillero Deldiablo
990,8918,1,Propel Sport Drink
390,5004,6,"Bread - Dark Rye, Loaf"
160,2437,10,Wine - Magnotta - Cab Franc
733,5989,9,Sea Urchin
375,2909,4,"Jam - Marmalade, Orange"
61,509,7,"Soup - Campbells, Beef Barley"
210,5863,7,Tomatoes - Roma
250,363,10,Beef Wellington
861,3128,8,Yoplait - Strawbrasp Peac
404,2414,2,Ocean Spray - Ruby Red
808,109,6,Chambord Royal
832,5871,6,Bread Base - Goodhearth
383,8024,2,"Shrimp, Dried, Small / Lb"
715,254,4,Flax Seed
12,2384,5,Lettuce - Spring Mix
515,3142,6,Beer - Pilsner Urquell
938,39,3,"Napkin - Cocktail,beige 2 - Ply"
736,8400,8,Napkin White
939,6481,10,"Beef - Rib Roast, Capless"
340,6778,9,Wine - Muscadet Sur Lie
373,654,10,Glucose
459,6084,5,Icecream - Dstk Cml And Fdg
244,1420,1,"Chocolate - Semi Sweet, Calets"
802,7017,1,"Split Peas - Yellow, Dry"
913,7215,9,Cheese - Ermite Bleu
818,7341,3,Wine - Magnotta - Cab Franc
612,4485,8,Tea - English Breakfast
908,294,10,Muffin Batt - Carrot Spice
951,3140,5,Mustard Prepared
367,3645,8,Ham - Procutinni
662,9030,6,"Cheese - Havarti, Roasted Garlic"
382,3425,2,Cardamon Seed / Pod
186,6026,6,Wine - Magnotta - Pinot Gris Sr
156,954,3,Shrimp - 31/40
626,8674,7,Snapple - Iced Tea Peach
918,4829,9,"Rum - Light, Captain Morgan"
285,7153,3,"Coconut - Creamed, Pure"
798,337,8,"Halibut - Whole, Fresh"
474,7300,6,Wine - Niagara Peninsula Vqa
814,4177,9,Tea - Camomele
861,8749,7,Bag - Regular Kraft 20 Lb
330,912,8,Pepper - Gypsy Pepper
650,2782,2,Garbage Bag - Clear
597,1533,10,Tuna - Yellowfin
652,9581,7,Wine - Segura Viudas Aria Brut
811,5011,4,Vinegar - Raspberry
308,7743,6,Wine - Zinfandel Rosenblum
729,6933,5,Food Colouring - Red
602,3923,3,Clam Nectar
958,6023,4,Beef - Cow Feet Split
374,6217,9,Appetizer - Lobster Phyllo Roll
355,8066,1,Versatainer Nc - 9388
406,9669,5,Peas Snow
960,82,4,Puff Pastry - Slab
44,5270,2,Longos - Burritos
202,159,5,Beef - Tenderloin - Aa
738,2799,4,"Doilies - 7, Paper"
54,3573,10,"Beans - Kidney, Red Dry"
995,5029,4,"Beef - Ox Tail, Frozen"
32,4508,7,Water - Perrier
734,5731,5,"Leeks - Baby, White"
887,5289,8,"Beef - Roasted, Cooked"
231,8172,7,Yoplait - Strawbrasp Peac
737,8842,3,Sausage - Breakfast
77,5557,8,"Salmon - Smoked, Sliced"
747,7094,1,Beer - True North Lager
543,10,4,Spinach - Frozen
446,2261,6,"Bread - Roll, Canadian Dinner"
921,3180,7,Wine - Sauvignon Blanc Oyster
7,4044,9,Cleaner - Bleach
694,2993,4,Pepper - Cayenne
896,8627,6,"Pasta - Gnocchi, Potato"
653,8334,8,Creme De Menthe Green
239,8755,6,Wine - Sauvignon Blanc
30,7403,2,"Jam - Strawberry, 20 Ml Jar"
913,3848,7,Coriander - Ground
605,1487,5,Bagelers - Cinn / Brown Sugar
836,2025,8,Cape Capensis - Fillet
453,9258,2,Grand Marnier
617,6883,10,Cream - 35%
413,9887,9,Soup V8 Roasted Red Pepper
185,6911,2,Veal - Ground
619,3890,2,Calypso - Black Cherry Lemonade
594,9218,8,Nut - Macadamia
290,2621,8,Potatoes - Pei 10 Oz
249,4221,9,Onions - Cooking
124,2120,9,Bread - Pain Au Liat X12
526,1634,6,Hold Up Tool Storage Rack
385,3668,10,Allspice - Jamaican
562,7830,9,Bag Stand
993,9659,9,Wine La Vielle Ferme Cote Du
364,4633,7,Mousse - Banana Chocolate
12,3166,7,Sauce - Hollandaise
665,8104,3,Pastry - Banana Muffin - Mini
541,2749,6,Sugar - Monocystal / Rock
307,7833,2,Foil - 4oz Custard Cup
757,6325,2,Snapple - Iced Tea Peach
743,5555,9,Veal - Ground
922,8329,1,"Lemonade - Strawberry, 591 Ml"
217,7077,8,Rabbit - Frozen
33,8569,3,"Beef - Roasted, Cooked"
393,8111,9,Five Alive Citrus
717,944,1,Pastry - Choclate Baked
569,5477,4,Seedlings - Clamshell
300,1620,6,Honey - Liquid
186,7787,4,Olives - Stuffed
701,7666,3,Longos - Lasagna Beef
743,5756,10,Pancetta
232,9461,4,Muffin Mix - Oatmeal
271,3976,3,Peach - Fresh
410,7764,5,Spring Roll Wrappers
446,5201,3,Tea - Honey Green Tea
372,187,8,Flounder - Fresh
866,2878,2,Island Oasis - Peach Daiquiri
501,1518,1,"Vodka - Hot, Lnferno"
985,5586,8,"Apple - Delicious, Golden"
113,2923,1,Chip - Potato Dill Pickle
536,2725,7,Pickle - Dill
269,7495,4,Fork - Plastic
569,3494,4,Zucchini - Green
172,4212,6,Bagelers - Cinn / Brown Sugar
969,2808,1,Cattail Hearts
136,2824,6,Bread - Pumpernickel
801,4276,3,Canadian Emmenthal
397,4113,8,Beef - Salted
757,6795,7,Truffle Shells - White Chocolate
651,2861,8,Hand Towel
205,4016,4,"Cheese - Romano, Grated"
383,2467,10,Corn Meal
122,4060,1,Sobe - Cranberry Grapefruit
122,6200,3,Oil - Olive
445,8480,10,"Lamb - Whole, Fresh"
577,7245,4,Edible Flower - Mixed
152,5602,3,Tuna - Bluefin
963,8782,2,Corn - Mini
837,7958,6,Sugar Thermometer
234,10000,3,Ecolab - Hobart Upr Prewash Arm
968,6158,7,"Soup - Campbells, Cream Of"
788,5687,1,Sauce - Ranch Dressing
719,7908,10,Truffle Cups - White Paper
373,7691,5,Beer - Guiness
890,1068,7,Wine - Ej Gallo Sonoma
849,5838,9,Veal - Osso Bucco
523,5284,6,Wine - Chateauneuf Du Pape
178,6623,4,Beer - Sleemans Honey Brown
118,812,5,Lamb - Whole Head Off
859,528,4,Tea - Herbal Orange Spice
597,9613,10,"Wine - Saint - Bris 2002, Sauv"
104,1448,8,Lychee
476,9315,5,Wine - Jafflin Bourgongone
624,8637,4,Lamb - Shoulder
606,8595,8,"Stock - Beef, Brown"
141,6339,9,Chicken - Tenderloin
610,3233,10,Mayonnaise
638,3483,1,Milkettes - 2%
827,5751,9,Sage Ground Wiberg
90,816,7,Cauliflower
687,4966,1,"Veal - Brisket, Provimi, Bone - In"
337,5546,2,"Salmon - Atlantic, Fresh, Whole"
792,3864,7,Dill Weed - Fresh
584,3034,10,Hog / Sausage Casing - Pork
873,1036,7,"Pepper - Black, Ground"
488,9049,8,White Fish - Filets
203,6462,4,Pork - Shoulder
84,8773,10,"Beans - Black Bean, Preserved"
667,4056,4,"Potatoes - Yukon Gold, 80 Ct"
497,5569,1,Kellogs Raisan Bran Bars
66,1067,6,"Bread - Bagels, Mini"
141,9306,6,Cranberries - Fresh
448,9534,3,Butter Sweet
444,6913,9,"Pepper - Chillies, Crushed"
